community,activities
community,lost+found
community,artist
community,musicians
community,childcare
community,local news
community,general
community,politics
community,groups
community,rideshare
community,pets
community,volunteers
community,events
community,classes
housing,apts/housing
housing,rooms/share
housing,sublets/temporary
housing,housing wanted
housing,housing swap
housing,vacation rentals
housing,parking/storage
housing,office/commercial
housing,real estate for sale
jobs,accounting+finance
jobs,admin/office
jobs,arch/engineering
jobs,art/media/design
jobs,biotech/science
jobs,business/mgmt
jobs,customer service
jobs,education
jobs,food/bev/hosp
jobs,general labor
jobs,government
jobs,human resources
jobs,internet engineers
jobs,legal/paralegal
jobs,manufacturing
jobs,marketing/pr/ad
jobs,medical/health
jobs,nonprofit sector
jobs,real estate for sale
jobs,retail/wholesale
jobs,sales/biz dev
jobs,salon/spa/fitness
jobs,security
jobs,skilled trade/craft
jobs,software/qa/dba
jobs,system/network
jobs,technical support
jobs,transport
jobs,tv/film/video
jobs,web/info/design
jobs,writing/editing
jobs,ETC
jobs,Part-time
personals,strictly platonic
personals,women seek women
personals,women seek men
personals,men seek women
personals,men seek men
personals,misc romance
personals,casual encounters
personals,missed connections
personals,rants and raves
for sale,appliances
for sale,artis+crafts
for sale,antiques
for sale,autoparts
for sale,barter
for sale,baby+kids
for sale,bikes
for sale,beauty+hlth
for sale,boats
for sale,cars+trucks
for sale,books
for sale,cds/dvd/vhs
for sale,business/mgmt
for sale,cell phones
for sale,computer
for sale,clothes+acc
for sale,free
for sale,collectibles
for sale,furniture
for sale,electronics
for sale,general
for sale,farm+garden
for sale,jewelry
for sale,garage sale
for sale,materials
for sale,household
for sale,rvs
for sale,motorcycles
for sale,sporting
for sale,music instr
for sale,tickets
for sale,photo+video
for sale,tools
for sale,toys+games
for sale,wanted
for sale,video gaming
services,beauty
services,automotive
services,creative
services,farm+garden
services,computer
services,household
services,cycle
services,labor/move
services,events
services,skill'd trade
services,financial
services,real estate
services,legal
services,sm biz ads
services,lessons
services,therapeutic
services,marine
services,travel/vac
services,pets
services,write/ed/tr8
gigs,crew
gigs,computer
gigs,events
gigs,creative
gigs,labor
gigs,domestic
gigs,talent
gigs,writing
resume,resume
